dataset,taxaID,locus,gene,essentiality,pmid,Ref_db
176,85962,HP1590,,NE,15547264,
176,85962,HP1589,,NE,15547264,
176,85962,HP1587,,NE,15547264,
176,85962,HP1586,,NE,15547264,
176,85962,HP1584,,NE,15547264,
176,85962,HP1583,,NE,15547264,
176,85962,HP1582,,NE,15547264,
176,85962,HP1581,,NE,15547264,
176,85962,HP1579,,NE,15547264,
176,85962,HP1578,,NE,15547264,
176,85962,HP1577,,NE,15547264,
176,85962,HP1576,,NE,15547264,
176,85962,HP1574,,NE,15547264,
176,85962,HP1573,,NE,15547264,
176,85962,HP1572,,NE,15547264,
176,85962,HP1570,,E,15547264,
176,85962,HP1569,,E,15547264,
176,85962,HP1568,,NE,15547264,
176,85962,HP1566,,E,15547264,
176,85962,HP1565,,NE,15547264,
176,85962,HP1563,,NE,15547264,
176,85962,HP1562,,NE,15547264,
176,85962,HP1559,,NE,15547264,
176,85962,HP1558,,NE,15547264,
176,85962,HP1557,,E,15547264,
176,85962,HP1555,,NE,15547264,
176,85962,HP1554,,E,15547264,
176,85962,HP1552,,E,15547264,
176,85962,HP1551,,E,15547264,
176,85962,HP1550,,NE,15547264,
176,85962,HP1549,,NE,15547264,
176,85962,HP1547,,NE,15547264,
176,85962,HP1546,,E,15547264,
176,85962,HP1545,,NE,15547264,
176,85962,HP1544,,NE,15547264,
176,85962,HP1543,,NE,15547264,
176,85962,HP1541,,NE,15547264,
176,85962,HP1540,,NE,15547264,
176,85962,HP1539,,E,15547264,
176,85962,HP1537,,NE,15547264,
176,85962,HP1536,,E,15547264,
176,85962,HP1534,,NE,15547264,
176,85962,HP1535,,NE,15547264,
176,85962,HP1533,,NE,15547264,
176,85962,HP1532,,NE,15547264,
176,85962,HP1531,,E,15547264,
176,85962,HP1530,,NE,15547264,
176,85962,HP1529,,NE,15547264,
176,85962,HP1527,,NE,15547264,
176,85962,HP1528,,NE,15547264,
176,85962,HP1526,,NE,15547264,
176,85962,HP1525,,NE,15547264,
176,85962,HP1524,,E,15547264,
176,85962,HP1523,,E,15547264,
176,85962,HP1521,,NE,15547264,
176,85962,HP1518,,E,15547264,
176,85962,HP1514,,E,15547264,
176,85962,HP1513,,NE,15547264,
176,85962,HP1512,,NE,15547264,
176,85962,HP1511,,NE,15547264,
176,85962,HP1510,,E,15547264,
176,85962,HP1509,,NE,15547264,
176,85962,HP1507,,NE,15547264,
176,85962,HP1506,,NE,15547264,
176,85962,HP1505,,NE,15547264,
176,85962,HP1503,,NE,15547264,
176,85962,HP1502,,NE,15547264,
176,85962,HP1501,,NE,15547264,
176,85962,HP1500,,NE,15547264,
176,85962,HP1498,,NE,15547264,
176,85962,HP1497,,E,15547264,
176,85962,HP1496,,NE,15547264,
176,85962,HP1494,,NE,15547264,
176,85962,HP1493,,E,15547264,
176,85962,HP1491,,NE,15547264,
176,85962,HP1492,,NE,15547264,
176,85962,HP1490,,NE,15547264,
176,85962,HP1489,,NE,15547264,
176,85962,HP1488,,NE,15547264,
176,85962,HP1487,,NE,15547264,
176,85962,HP1486,,NE,15547264,
176,85962,HP1484,,E,15547264,
176,85962,HP1483,,E,15547264,
176,85962,HP1482,,E,15547264,
176,85962,HP1481,,E,15547264,
176,85962,HP1480,,E,15547264,
176,85962,HP1479,,NE,15547264,
176,85962,HP1478,,E,15547264,
176,85962,HP1477,,NE,15547264,
176,85962,HP1476,,NE,15547264,
176,85962,HP1475,,NE,15547264,
176,85962,HP1474,,NE,15547264,
176,85962,HP1473,,E,15547264,
176,85962,HP1471,,NE,15547264,
176,85962,HP1469,,NE,15547264,
176,85962,HP1468,,NE,15547264,
176,85962,HP1466,,NE,15547264,
176,85962,HP1465,,NE,15547264,
176,85962,HP1464,,NE,15547264,
176,85962,HP1462,,NE,15547264,
176,85962,HP1461,,NE,15547264,
176,85962,HP1460,,NE,15547264,
176,85962,HP1459,,NE,15547264,
176,85962,HP1458,,NE,15547264,
176,85962,HP1456,,E,15547264,
176,85962,HP1457,,NE,15547264,
176,85962,HP1455,,NE,15547264,
176,85962,HP1454,,NE,15547264,
176,85962,HP1453,,NE,15547264,
176,85962,HP1452,,NE,15547264,
176,85962,HP1451,,E,15547264,
176,85962,HP1450,,E,15547264,
176,85962,HP1448,,E,15547264,
176,85962,HP1447,,E,15547264,
176,85962,HP1446,,E,15547264,
176,85962,HP1445,,E,15547264,
176,85962,HP1444,,NE,15547264,
176,85962,HP1442,,E,15547264,
176,85962,HP1441,,NE,15547264,
176,85962,HP1439,,E,15547264,
176,85962,HP1437,,NE,15547264,
176,85962,HP1436,,E,15547264,
176,85962,HP1435,,NE,15547264,
176,85962,HP1433,,NE,15547264,
176,85962,HP1432,,NE,15547264,
176,85962,HP1431,,NE,15547264,
176,85962,HP1430,,NE,15547264,
176,85962,HP1429,,NE,15547264,
176,85962,HP1428,,NE,15547264,
176,85962,HP1427,,NE,15547264,
176,85962,HP1424,,NE,15547264,
176,85962,HP1421,,E,15547264,
176,85962,HP1420,,NE,15547264,
176,85962,HP1419,,E,15547264,
176,85962,HP1418,,NE,15547264,
176,85962,HP1416,,NE,15547264,
176,85962,HP1415,,NE,15547264,
176,85962,HP1414,,E,15547264,
176,85962,HP1413,,E,15547264,
176,85962,HP1412,,NE,15547264,
176,85962,HP1410,,NE,15547264,
176,85962,HP1409,,NE,15547264,
176,85962,HP1408,,NE,15547264,
176,85962,HP1407,,NE,15547264,
176,85962,HP1406,,NE,15547264,
176,85962,HP1405,,E,15547264,
176,85962,HP1403,,NE,15547264,
176,85962,HP1402,,NE,15547264,
176,85962,HP1401,,NE,15547264,
176,85962,HP1400,,NE,15547264,
176,85962,HP1399,,NE,15547264,
176,85962,HP1398,,NE,15547264,
176,85962,HP1397,,NE,15547264,
176,85962,HP1396,,NE,15547264,
176,85962,HP1395,,NE,15547264,
176,85962,HP1394,,NE,15547264,
176,85962,HP1393,,NE,15547264,
176,85962,HP1392,,NE,15547264,
176,85962,HP1391,,NE,15547264,
176,85962,HP1387,,NE,15547264,
176,85962,HP1386,,E,15547264,
176,85962,HP1385,,E,15547264,
176,85962,HP1384,,E,15547264,
176,85962,HP1382,,NE,15547264,
176,85962,HP1381,,NE,15547264,
176,85962,HP1380,,NE,15547264,
176,85962,HP1379,,NE,15547264,
176,85962,HP1377,,NE,15547264,
176,85962,HP1376,,NE,15547264,
176,85962,HP1375,,E,15547264,
176,85962,HP1374,,NE,15547264,
176,85962,HP1373,,NE,15547264,
176,85962,HP1372,,NE,15547264,
176,85962,HP1371,,NE,15547264,
176,85962,HP1364,,NE,15547264,
176,85962,HP1363,,NE,15547264,
176,85962,HP1362,,NE,15547264,
176,85962,HP1361,,NE,15547264,
176,85962,HP1360,,E,15547264,
176,85962,HP1359,,E,15547264,
176,85962,HP1358,,NE,15547264,
176,85962,HP1357,,E,15547264,
176,85962,HP1356,,NE,15547264,
176,85962,HP1355,,NE,15547264,
176,85962,HP1354,,NE,15547264,
176,85962,HP1353,,NE,15547264,
176,85962,HP1351,,NE,15547264,
176,85962,HP1352,,NE,15547264,
176,85962,HP1350,,NE,15547264,
176,85962,HP1349,,E,15547264,
176,85962,HP1348,,E,15547264,
176,85962,HP1347,,NE,15547264,
176,85962,HP1346,,NE,15547264,
176,85962,HP1345,,NE,15547264,
176,85962,HP1343,,NE,15547264,
176,85962,HP1342,,NE,15547264,
176,85962,HP1341,,NE,15547264,
176,85962,HP1339,,E,15547264,
176,85962,HP1340,,E,15547264,
176,85962,HP1338,,E,15547264,
176,85962,HP1337,,NE,15547264,
176,85962,HP1336,,NE,15547264,
176,85962,HP1335,,NE,15547264,
176,85962,HP1333,,NE,15547264,
176,85962,HP1332,,NE,15547264,
176,85962,HP1331,,NE,15547264,
176,85962,HP1329,,NE,15547264,
176,85962,HP1328,,NE,15547264,
176,85962,HP1327,,NE,15547264,
176,85962,HP1325,,NE,15547264,
176,85962,HP1324,,NE,15547264,
176,85962,HP1322,,NE,15547264,
176,85962,HP1321,,E,15547264,
176,85962,HP1319,,NE,15547264,
176,85962,HP1318,,E,15547264,
176,85962,HP1315,,NE,15547264,
176,85962,HP1314,,E,15547264,
176,85962,HP1313,,E,15547264,
176,85962,HP1311,,E,15547264,
176,85962,HP1310,,NE,15547264,
176,85962,HP1308,,E,15547264,
176,85962,HP1307,,E,15547264,
176,85962,HP1305,,NE,15547264,
176,85962,HP1304,,NE,15547264,
176,85962,HP1302,,E,15547264,
176,85962,HP1301,,E,15547264,
176,85962,HP1300,,E,15547264,
176,85962,HP1298,,E,15547264,
176,85962,HP1297,,E,15547264,
176,85962,HP1296,,NE,15547264,
176,85962,HP1295,,NE,15547264,
176,85962,HP1293,,NE,15547264,
176,85962,HP1292,,E,15547264,
176,85962,HP1291,,NE,15547264,
176,85962,HP1289,,E,15547264,
176,85962,HP1287,,NE,15547264,
176,85962,HP1286,,NE,15547264,
176,85962,HP1285,,NE,15547264,
176,85962,HP1284,,NE,15547264,
176,85962,HP1282,,NE,15547264,
176,85962,HP1281,,NE,15547264,
176,85962,HP1280,,NE,15547264,
176,85962,HP1279,,NE,15547264,
176,85962,HP1278,,NE,15547264,
176,85962,HP1277,,NE,15547264,
176,85962,HP1276,,NE,15547264,
176,85962,HP1275,,NE,15547264,
176,85962,HP1274,,NE,15547264,
176,85962,HP1273,,NE,15547264,
176,85962,HP1272,,NE,15547264,
176,85962,HP1270,,E,15547264,
176,85962,HP1271,,NE,15547264,
176,85962,HP1269,,NE,15547264,
176,85962,HP1268,,E,15547264,
176,85962,HP1267,,NE,15547264,
176,85962,HP1266,,E,15547264,
176,85962,HP1264,,E,15547264,
176,85962,HP1263,,NE,15547264,
176,85962,HP1262,,NE,15547264,
176,85962,HP1260,,NE,15547264,
176,85962,HP1259,,NE,15547264,
176,85962,HP1258,,NE,15547264,
176,85962,HP1257,,NE,15547264,
176,85962,HP1256,,NE,15547264,
176,85962,HP1255,,NE,15547264,
176,85962,HP1254,,E,15547264,
176,85962,HP1253,,E,15547264,
176,85962,HP1252,,NE,15547264,
176,85962,HP1251,,NE,15547264,
176,85962,HP1249,,E,15547264,
176,85962,HP1248,,NE,15547264,
176,85962,HP1247,,E,15547264,
176,85962,HP1245,,E,15547264,
176,85962,HP1244,,E,15547264,
176,85962,HP1243,,NE,15547264,
176,85962,HP1241,,NE,15547264,
176,85962,HP1240,,E,15547264,
176,85962,HP1239,,E,15547264,
176,85962,HP1237,,NE,15547264,
176,85962,HP1236,,E,15547264,
176,85962,HP1234,,E,15547264,
176,85962,HP1235,,NE,15547264,
176,85962,HP1233,,NE,15547264,
176,85962,HP1232,,NE,15547264,
176,85962,HP1231,,E,15547264,
176,85962,HP1229,,E,15547264,
176,85962,HP1228,,NE,15547264,
176,85962,HP1227,,NE,15547264,
176,85962,HP1225,,NE,15547264,
176,85962,HP1224,,NE,15547264,
176,85962,HP1223,,NE,15547264,
176,85962,HP1222,,NE,15547264,
176,85962,HP1221,,NE,15547264,
176,85962,HP1220,,NE,15547264,
176,85962,HP1218,,NE,15547264,
176,85962,HP1217,,E,15547264,
176,85962,HP1216,,E,15547264,
176,85962,HP1214,,NE,15547264,
176,85962,HP1212,,NE,15547264,
176,85962,HP1213,,NE,15547264,
176,85962,HP1211,,NE,15547264,
176,85962,HP1210,,NE,15547264,
176,85962,HP1208,,NE,15547264,
176,85962,HP1207,,NE,15547264,
176,85962,HP1206,,E,15547264,
176,85962,HP1204,,NE,15547264,
176,85962,HP1203,,E,15547264,
176,85962,HP1202,,E,15547264,
176,85962,HP1201,,NE,15547264,
176,85962,HP1199,,NE,15547264,
176,85962,HP1198,,NE,15547264,
176,85962,HP1197,,E,15547264,
176,85962,HP1195,,NE,15547264,
176,85962,HP1194,,NE,15547264,
176,85962,HP1192,,NE,15547264,
176,85962,HP1190,,E,15547264,
176,85962,HP1191,,NE,15547264,
176,85962,HP1189,,NE,15547264,
176,85962,HP1188,,NE,15547264,
176,85962,HP1187,,NE,15547264,
176,85962,HP1186,,NE,15547264,
176,85962,HP1185,,NE,15547264,
176,85962,HP1184,,NE,15547264,
176,85962,HP1182,,NE,15547264,
176,85962,HP1181,,NE,15547264,
176,85962,HP1180,,NE,15547264,
176,85962,HP1179,,NE,15547264,
176,85962,HP1178,,NE,15547264,
176,85962,HP1177,,NE,15547264,
176,85962,HP1174,,NE,15547264,
176,85962,HP1175,,NE,15547264,
176,85962,HP1173,,NE,15547264,
176,85962,HP1172,,NE,15547264,
176,85962,HP1171,,NE,15547264,
176,85962,HP1170,,E,15547264,
176,85962,HP1168,,NE,15547264,
176,85962,HP1167,,NE,15547264,
176,85962,HP1166,,NE,15547264,
176,85962,HP1164,,NE,15547264,
176,85962,HP1163,,E,15547264,
176,85962,HP1161,,E,15547264,
176,85962,HP1162,,NE,15547264,
176,85962,HP1160,,NE,15547264,
176,85962,HP1159,,NE,15547264,
176,85962,HP1158,,NE,15547264,
176,85962,HP1157,,NE,15547264,
176,85962,HP1156,,NE,15547264,
176,85962,HP1154,,NE,15547264,
176,85962,HP1153,,E,15547264,
176,85962,HP1152,,NE,15547264,
176,85962,HP1150,,E,15547264,
176,85962,HP1151,,NE,15547264,
176,85962,HP1149,,E,15547264,
176,85962,HP1148,,NE,15547264,
176,85962,HP1147,,NE,15547264,
176,85962,HP1146,,NE,15547264,
176,85962,HP1145,,NE,15547264,
176,85962,HP1144,,NE,15547264,
176,85962,HP1141,,NE,15547264,
176,85962,HP1140,,NE,15547264,
176,85962,HP1138,,NE,15547264,
176,85962,HP1137,,E,15547264,
176,85962,HP1135,,E,15547264,
176,85962,HP1134,,NE,15547264,
176,85962,HP1133,,E,15547264,
176,85962,HP1132,,E,15547264,
176,85962,HP1131,,E,15547264,
176,85962,HP1130,,E,15547264,
176,85962,HP1129,,E,15547264,
176,85962,HP1126,,NE,15547264,
176,85962,HP1125,,NE,15547264,
176,85962,HP1124,,NE,15547264,
176,85962,HP1123,,NE,15547264,
176,85962,HP1122,,NE,15547264,
176,85962,HP1121,,NE,15547264,
176,85962,HP1120,,NE,15547264,
176,85962,HP1119,,NE,15547264,
176,85962,HP1118,,NE,15547264,
176,85962,HP1117,,NE,15547264,
176,85962,HP1116,,NE,15547264,
176,85962,HP1114,,NE,15547264,
176,85962,HP1113,,NE,15547264,
176,85962,HP1112,,NE,15547264,
176,85962,HP1111,,NE,15547264,
176,85962,HP1109,,NE,15547264,
176,85962,HP1108,,E,15547264,
176,85962,HP1107,,NE,15547264,
176,85962,HP1106,,NE,15547264,
176,85962,HP1105,,NE,15547264,
176,85962,HP1104,,NE,15547264,
176,85962,HP1103,,NE,15547264,
176,85962,HP1102,,E,15547264,
176,85962,HP1101,,NE,15547264,
176,85962,HP1100,,NE,15547264,
176,85962,HP1098,,NE,15547264,
176,85962,HP1097,,NE,15547264,
176,85962,HP1096,,NE,15547264,
176,85962,HP1095,,NE,15547264,
176,85962,HP1094,,NE,15547264,
176,85962,HP1092,,NE,15547264,
176,85962,HP1091,,NE,15547264,
176,85962,HP1090,,NE,15547264,
176,85962,HP1089,,E,15547264,
176,85962,HP1088,,NE,15547264,
176,85962,HP1087,,E,15547264,
176,85962,HP1085,,E,15547264,
176,85962,HP1084,,NE,15547264,
176,85962,HP1083,,NE,15547264,
176,85962,HP1082,,NE,15547264,
176,85962,HP1081,,NE,15547264,
176,85962,HP1080,,NE,15547264,
176,85962,HP1077,,NE,15547264,
176,85962,HP1076,,E,15547264,
176,85962,HP1075,,NE,15547264,
176,85962,HP1072,,NE,15547264,
176,85962,HP1071,,NE,15547264,
176,85962,HP1070,,E,15547264,
176,85962,HP1069,,E,15547264,
176,85962,HP1068,,NE,15547264,
176,85962,HP1067,,E,15547264,
176,85962,HP1066,,NE,15547264,
176,85962,HP1065,,E,15547264,
176,85962,HP1064,,E,15547264,
176,85962,HP1063,,NE,15547264,
176,85962,HP1062,,NE,15547264,
176,85962,HP1060,,E,15547264,
176,85962,HP1059,,E,15547264,
176,85962,HP1058,,E,15547264,
176,85962,HP1057,,E,15547264,
176,85962,HP1056,,E,15547264,
176,85962,HP1055,,E,15547264,
176,85962,HP1054,,E,15547264,
176,85962,HP1053,,E,15547264,
176,85962,HP1052,,E,15547264,
176,85962,HP1051,,NE,15547264,
176,85962,HP1050,,NE,15547264,
176,85962,HP1049,,NE,15547264,
176,85962,HP1048,,NE,15547264,
176,85962,HP1047,,E,15547264,
176,85962,HP1046,,NE,15547264,
176,85962,HP1045,,NE,15547264,
176,85962,HP1044,,NE,15547264,
176,85962,HP1043,,NE,15547264,
176,85962,HP1041,,NE,15547264,
176,85962,HP1042,,NE,15547264,
176,85962,HP1040,,E,15547264,
176,85962,HP1039,,NE,15547264,
176,85962,HP1038,,E,15547264,
176,85962,HP1037,,NE,15547264,
176,85962,HP1036,,NE,15547264,
176,85962,HP1035,,NE,15547264,
176,85962,HP1034,,E,15547264,
176,85962,HP1032,,NE,15547264,
176,85962,HP1033,,NE,15547264,
176,85962,HP1031,,NE,15547264,
176,85962,HP1030,,NE,15547264,
176,85962,HP1029,,NE,15547264,
176,85962,HP1028,,NE,15547264,
176,85962,HP1026,,NE,15547264,
176,85962,HP1025,,NE,15547264,
176,85962,HP1024,,NE,15547264,
176,85962,HP1023,,NE,15547264,
176,85962,HP1021,,NE,15547264,
176,85962,HP1022,,NE,15547264,
176,85962,HP1020,,NE,15547264,
176,85962,HP1019,,E,15547264,
176,85962,HP1017,,E,15547264,
176,85962,HP1015,,NE,15547264,
176,85962,HP1014,,NE,15547264,
176,85962,HP1012,,E,15547264,
176,85962,HP1011,,NE,15547264,
176,85962,HP1010,,NE,15547264,
176,85962,HP1009,,NE,15547264,
176,85962,HP1006,,NE,15547264,
176,85962,HP1005,,NE,15547264,
176,85962,HP1004,,NE,15547264,
176,85962,HP1003,,NE,15547264,
176,85962,HP1002,,NE,15547264,
176,85962,HP1001,,NE,15547264,
176,85962,HP1000,,NE,15547264,
176,85962,HP0999,,NE,15547264,
176,85962,HP0998,,NE,15547264,
176,85962,HP0997,,NE,15547264,
176,85962,HP0989,,NE,15547264,
176,85962,HP0988,,NE,15547264,
176,85962,HP0985,,NE,15547264,
176,85962,HP0984,,E,15547264,
176,85962,HP0983,,NE,15547264,
176,85962,HP0981,,NE,15547264,
176,85962,HP0980,,NE,15547264,
176,85962,HP0979,,E,15547264,
176,85962,HP0978,,NE,15547264,
176,85962,HP0976,,NE,15547264,
176,85962,HP0977,,NE,15547264,
176,85962,HP0974,,NE,15547264,
176,85962,HP0973,,E,15547264,
176,85962,HP0972,,NE,15547264,
176,85962,HP0971,,NE,15547264,
176,85962,HP0969,,NE,15547264,
176,85962,HP0966,,NE,15547264,
176,85962,HP0965,,NE,15547264,
176,85962,HP0963,,E,15547264,
176,85962,HP0962,,NE,15547264,
176,85962,HP0960,,NE,15547264,
176,85962,HP0959,,E,15547264,
176,85962,HP0958,,NE,15547264,
176,85962,HP0957,,E,15547264,
176,85962,HP0956,,E,15547264,
176,85962,HP0955,,NE,15547264,
176,85962,HP0953,,NE,15547264,
176,85962,HP0952,,NE,15547264,
176,85962,HP0950,,NE,15547264,
176,85962,HP0949,,NE,15547264,
176,85962,HP0948,,NE,15547264,
176,85962,HP0947,,NE,15547264,
176,85962,HP0946,,NE,15547264,
176,85962,HP0944,,NE,15547264,
176,85962,HP0942,,NE,15547264,
176,85962,HP0941,,E,15547264,
176,85962,HP0939,,NE,15547264,
176,85962,HP0938,,NE,15547264,
176,85962,HP0936,,NE,15547264,
176,85962,HP0937,,NE,15547264,
176,85962,HP0935,,E,15547264,
176,85962,HP0934,,NE,15547264,
176,85962,HP0933,,NE,15547264,
176,85962,HP0931,,E,15547264,
176,85962,HP0930,,NE,15547264,
176,85962,HP0929,,E,15547264,
176,85962,HP0928,,E,15547264,
176,85962,HP0927,,E,15547264,
176,85962,HP0926,,NE,15547264,
176,85962,HP0925,,NE,15547264,
176,85962,HP0924,,NE,15547264,
176,85962,HP0923,,NE,15547264,
176,85962,HP0922,,NE,15547264,
176,85962,HP0920,,E,15547264,
176,85962,HP0919,,NE,15547264,
176,85962,HP0918,,NE,15547264,
176,85962,HP0916,,NE,15547264,
176,85962,HP0915,,NE,15547264,
176,85962,HP0913,,NE,15547264,
176,85962,HP0912,,NE,15547264,
176,85962,HP0910,,NE,15547264,
176,85962,HP0909,,NE,15547264,
176,85962,HP0907,,NE,15547264,
176,85962,HP0902,,NE,15547264,
176,85962,HP0901,,NE,15547264,
176,85962,HP0900,,NE,15547264,
176,85962,HP0898,,NE,15547264,
176,85962,HP0897,,NE,15547264,
176,85962,HP0896,,NE,15547264,
176,85962,HP0895,,NE,15547264,
176,85962,HP0893,,NE,15547264,
176,85962,HP0892,,NE,15547264,
176,85962,HP0891,,NE,15547264,
176,85962,HP0890,,NE,15547264,
176,85962,HP0889,,NE,15547264,
176,85962,HP0888,,NE,15547264,
176,85962,HP0886,,NE,15547264,
176,85962,HP0885,,NE,15547264,
176,85962,HP0884,,NE,15547264,
176,85962,HP0880,,E,15547264,
176,85962,HP0879,,NE,15547264,
176,85962,HP0878,,NE,15547264,
176,85962,HP0876,,NE,15547264,
176,85962,HP0875,,NE,15547264,
176,85962,HP0874,,NE,15547264,
176,85962,HP0873,,NE,15547264,
176,85962,HP0872,,NE,15547264,
176,85962,HP0871,,NE,15547264,
176,85962,HP0870,,NE,15547264,
176,85962,HP0869,,NE,15547264,
176,85962,HP0868,,E,15547264,
176,85962,HP0867,,NE,15547264,
176,85962,HP0866,,E,15547264,
176,85962,HP0864,,NE,15547264,
176,85962,HP0863,,NE,15547264,
176,85962,HP0861,,NE,15547264,
176,85962,HP0860,,E,15547264,
176,85962,HP0859,,NE,15547264,
176,85962,HP0858,,E,15547264,
176,85962,HP0857,,NE,15547264,
176,85962,HP0854,,E,15547264,
176,85962,HP0853,,NE,15547264,
176,85962,HP0852,,E,15547264,
176,85962,HP0850,,NE,15547264,
176,85962,HP0849,,E,15547264,
176,85962,HP0846,,NE,15547264,
176,85962,HP0844,,NE,15547264,
176,85962,HP0845,,NE,15547264,
176,85962,HP0843,,NE,15547264,
176,85962,HP0842,,NE,15547264,
176,85962,HP0841,,NE,15547264,
176,85962,HP0840,,NE,15547264,
176,85962,HP0839,,NE,15547264,
176,85962,HP0837,,NE,15547264,
176,85962,HP0838,,NE,15547264,
176,85962,HP0836,,NE,15547264,
176,85962,HP0835,,E,15547264,
176,85962,HP0834,,NE,15547264,
176,85962,HP0832,,NE,15547264,
176,85962,HP0831,,E,15547264,
176,85962,HP0830,,NE,15547264,
176,85962,HP0829,,NE,15547264,
176,85962,HP0827,,NE,15547264,
176,85962,HP0826,,NE,15547264,
176,85962,HP0824,,NE,15547264,
176,85962,HP0825,,NE,15547264,
176,85962,HP0823,,NE,15547264,
176,85962,HP0822,,NE,15547264,
176,85962,HP0821,,NE,15547264,
176,85962,HP0820,,E,15547264,
176,85962,HP0818,,NE,15547264,
176,85962,HP0817,,NE,15547264,
176,85962,HP0816,,NE,15547264,
176,85962,HP0814,,NE,15547264,
176,85962,HP0812,,NE,15547264,
176,85962,HP0811,,E,15547264,
176,85962,HP0809,,E,15547264,
176,85962,HP0808,,NE,15547264,
176,85962,HP0807,,E,15547264,
176,85962,HP0805,,NE,15547264,
176,85962,HP0804,,NE,15547264,
176,85962,HP0803,,NE,15547264,
176,85962,HP0802,,NE,15547264,
176,85962,HP0800,,NE,15547264,
176,85962,HP0799,,E,15547264,
176,85962,HP0798,,E,15547264,
176,85962,HP0797,,NE,15547264,
176,85962,HP0796,,NE,15547264,
176,85962,HP0794,,NE,15547264,
176,85962,HP0793,,E,15547264,
176,85962,HP0791,,E,15547264,
176,85962,HP0790,,NE,15547264,
176,85962,HP0789,,NE,15547264,
176,85962,HP0788,,NE,15547264,
176,85962,HP0787,,NE,15547264,
176,85962,HP0786,,NE,15547264,
176,85962,HP0783,,NE,15547264,
176,85962,HP0782,,NE,15547264,
176,85962,HP0780,,NE,15547264,
176,85962,HP0779,,NE,15547264,
176,85962,HP0778,,NE,15547264,
176,85962,HP0776,,E,15547264,
176,85962,HP0775,,E,15547264,
176,85962,HP0773,,E,15547264,
176,85962,HP0772,,NE,15547264,
176,85962,HP0770,,NE,15547264,
176,85962,HP0769,,NE,15547264,
176,85962,HP0768,,NE,15547264,
176,85962,HP0767,,E,15547264,
176,85962,HP0764,,NE,15547264,
176,85962,HP0763,,E,15547264,
176,85962,HP0762,,NE,15547264,
176,85962,HP0761,,E,15547264,
176,85962,HP0759,,NE,15547264,
176,85962,HP0758,,NE,15547264,
176,85962,HP0757,,NE,15547264,
176,85962,HP0756,,NE,15547264,
176,85962,HP0755,,NE,15547264,
176,85962,HP0753,,NE,15547264,
176,85962,HP0754,,NE,15547264,
176,85962,HP0752,,NE,15547264,
176,85962,HP0751,,NE,15547264,
176,85962,HP0750,,E,15547264,
176,85962,HP0748,,E,15547264,
176,85962,HP0747,,NE,15547264,
176,85962,HP0746,,E,15547264,
176,85962,HP0745,,E,15547264,
176,85962,HP0743,,NE,15547264,
176,85962,HP0742,,E,15547264,
176,85962,HP0740,,E,15547264,
176,85962,HP0739,,NE,15547264,
176,85962,HP0738,,E,15547264,
176,85962,HP0737,,E,15547264,
176,85962,HP0735,,NE,15547264,
176,85962,HP0733,,NE,15547264,
176,85962,HP0734,,NE,15547264,
176,85962,HP0731,,NE,15547264,
176,85962,HP0730,,NE,15547264,
176,85962,HP0729,,E,15547264,
176,85962,HP0728,,NE,15547264,
176,85962,HP0726,,NE,15547264,
176,85962,HP0725,,NE,15547264,
176,85962,HP0723,,NE,15547264,
176,85962,HP0722,,NE,15547264,
176,85962,HP0721,,NE,15547264,
176,85962,HP0719,,NE,15547264,
176,85962,HP0718,,NE,15547264,
176,85962,HP0716,,E,15547264,
176,85962,HP0715,,NE,15547264,
176,85962,HP0714,,NE,15547264,
176,85962,HP0713,,NE,15547264,
176,85962,HP0712,,NE,15547264,
176,85962,HP0710,,NE,15547264,
176,85962,HP0709,,NE,15547264,
176,85962,HP0708,,E,15547264,
176,85962,HP0707,,E,15547264,
176,85962,HP0706,,NE,15547264,
176,85962,HP0705,,NE,15547264,
176,85962,HP0703,,NE,15547264,
176,85962,HP0702,,NE,15547264,
176,85962,HP0701,,NE,15547264,
176,85962,HP0699,,NE,15547264,
176,85962,HP0698,,NE,15547264,
176,85962,HP0696,,NE,15547264,
176,85962,HP0695,,NE,15547264,
176,85962,HP0693,,NE,15547264,
176,85962,HP0692,,NE,15547264,
176,85962,HP0691,,NE,15547264,
176,85962,HP0690,,NE,15547264,
176,85962,HP0689,,NE,15547264,
176,85962,HP0687,,NE,15547264,
176,85962,HP0685,,NE,15547264,
176,85962,HP0686,,NE,15547264,
176,85962,HP0684,,E,15547264,
176,85962,HP0683,,NE,15547264,
176,85962,HP0680,,NE,15547264,
176,85962,HP0679,,NE,15547264,
176,85962,HP0676,,NE,15547264,
176,85962,HP0675,,NE,15547264,
176,85962,HP0673,,NE,15547264,
176,85962,HP0671,,NE,15547264,
176,85962,HP0669,,NE,15547264,
176,85962,HP0667,,NE,15547264,
176,85962,HP0666,,NE,15547264,
176,85962,HP0665,,NE,15547264,
176,85962,HP0664,,E,15547264,
176,85962,HP0663,,E,15547264,
176,85962,HP0661,,E,15547264,
176,85962,HP0660,,NE,15547264,
176,85962,HP0659,,NE,15547264,
176,85962,HP0658,,E,15547264,
176,85962,HP0657,,NE,15547264,
176,85962,HP0656,,E,15547264,
176,85962,HP0655,,NE,15547264,
176,85962,HP0654,,NE,15547264,
176,85962,HP0653,,NE,15547264,
176,85962,HP0650,,E,15547264,
176,85962,HP0649,,NE,15547264,
176,85962,HP0648,,E,15547264,
176,85962,HP0646,,E,15547264,
176,85962,HP0645,,NE,15547264,
176,85962,HP0644,,E,15547264,
176,85962,HP0642,,NE,15547264,
176,85962,HP0643,,NE,15547264,
176,85962,HP0641,,E,15547264,
176,85962,HP0640,,NE,15547264,
176,85962,HP0639,,NE,15547264,
176,85962,HP0638,,NE,15547264,
176,85962,HP0635,,NE,15547264,
176,85962,HP0634,,NE,15547264,
176,85962,HP0633,,NE,15547264,
176,85962,HP0632,,NE,15547264,
176,85962,HP0630,,NE,15547264,
176,85962,HP0629,,NE,15547264,
176,85962,HP0628,,NE,15547264,
176,85962,HP0626,,NE,15547264,
176,85962,HP0625,,NE,15547264,
176,85962,HP0623,,NE,15547264,
176,85962,HP0624,,NE,15547264,
176,85962,HP0622,,NE,15547264,
176,85962,HP0621,,NE,15547264,
176,85962,HP0620,,NE,15547264,
176,85962,HP0618,,NE,15547264,
176,85962,HP0616,,NE,15547264,
176,85962,HP0615,,NE,15547264,
176,85962,HP0614,,E,15547264,
176,85962,HP0613,,NE,15547264,
176,85962,HP0612,,NE,15547264,
176,85962,HP0611,,NE,15547264,
176,85962,HP0610,,NE,15547264,
176,85962,HP0608,,NE,15547264,
176,85962,HP0607,,NE,15547264,
176,85962,HP0606,,NE,15547264,
176,85962,HP0604,,NE,15547264,
176,85962,HP0605,,E,15547264,
176,85962,HP0603,,NE,15547264,
176,85962,HP0602,,NE,15547264,
176,85962,HP0601,,NE,15547264,
176,85962,HP0600,,NE,15547264,
176,85962,HP0598,,E,15547264,
176,85962,HP0597,,E,15547264,
176,85962,HP0596,,NE,15547264,
176,85962,HP0595,,NE,15547264,
176,85962,HP0594,,NE,15547264,
176,85962,HP0593,,NE,15547264,
176,85962,HP0592,,NE,15547264,
176,85962,HP0590,,E,15547264,
176,85962,HP0589,,E,15547264,
176,85962,HP0588,,NE,15547264,
176,85962,HP0587,,E,15547264,
176,85962,HP0586,,E,15547264,
176,85962,HP0585,,NE,15547264,
176,85962,HP0584,,NE,15547264,
176,85962,HP0583,,E,15547264,
176,85962,HP0581,,NE,15547264,
176,85962,HP0580,,NE,15547264,
176,85962,HP0579,,NE,15547264,
176,85962,HP0578,,NE,15547264,
176,85962,HP0577,,NE,15547264,
176,85962,HP0576,,NE,15547264,
176,85962,HP0575,,NE,15547264,
176,85962,HP0574,,E,15547264,
176,85962,HP0573,,E,15547264,
176,85962,HP0572,,E,15547264,
176,85962,HP0570,,NE,15547264,
176,85962,HP0569,,NE,15547264,
176,85962,HP0567,,NE,15547264,
176,85962,HP0566,,NE,15547264,
176,85962,HP0565,,NE,15547264,
176,85962,HP0564,,NE,15547264,
176,85962,HP0563,,NE,15547264,
176,85962,HP0561,,NE,15547264,
176,85962,HP0559,,E,15547264,
176,85962,HP0558,,NE,15547264,
176,85962,HP0557,,NE,15547264,
176,85962,HP0556,,NE,15547264,
176,85962,HP0555,,NE,15547264,
176,85962,HP0554,,E,15547264,
176,85962,HP0553,,NE,15547264,
176,85962,HP0552,,NE,15547264,
176,85962,HP0550,,NE,15547264,
176,85962,HP0551,,E,15547264,
176,85962,HP0549,,NE,15547264,
176,85962,HP0547,,NE,15547264,
176,85962,HP0546,,NE,15547264,
176,85962,HP0545,,E,15547264,
176,85962,HP0544,,NE,15547264,
176,85962,HP0543,,NE,15547264,
176,85962,HP0542,,NE,15547264,
176,85962,HP0540,,NE,15547264,
176,85962,HP0541,,NE,15547264,
176,85962,HP0539,,NE,15547264,
176,85962,HP0538,,NE,15547264,
176,85962,HP0537,,NE,15547264,
176,85962,HP0535,,NE,15547264,
176,85962,HP0534,,NE,15547264,
176,85962,HP0532,,E,15547264,
176,85962,HP0530,,NE,15547264,
176,85962,HP0529,,NE,15547264,
176,85962,HP0528,,NE,15547264,
176,85962,HP0527,,NE,15547264,
176,85962,HP0526,,NE,15547264,
176,85962,HP0525,,NE,15547264,
176,85962,HP0524,,NE,15547264,
176,85962,HP0523,,NE,15547264,
176,85962,HP0522,,NE,15547264,
176,85962,HP0520,,NE,15547264,
176,85962,HP0519,,NE,15547264,
176,85962,HP0518,,NE,15547264,
176,85962,HP0516,,NE,15547264,
176,85962,HP0515,,NE,15547264,
176,85962,HP0514,,NE,15547264,
176,85962,HP0509,,NE,15547264,
176,85962,HP0508,,NE,15547264,
176,85962,HP0507,,E,15547264,
176,85962,HP0505,,E,15547264,
176,85962,HP0506,,NE,15547264,
176,85962,HP0504,,NE,15547264,
176,85962,HP0503,,NE,15547264,
176,85962,HP0502,,NE,15547264,
176,85962,HP0501,,NE,15547264,
176,85962,HP0500,,E,15547264,
176,85962,HP0498,,NE,15547264,
176,85962,HP0497,,NE,15547264,
176,85962,HP0495,,NE,15547264,
176,85962,HP0496,,NE,15547264,
176,85962,HP0494,,NE,15547264,
176,85962,HP0493,,NE,15547264,
176,85962,HP0492,,NE,15547264,
176,85962,HP0491,,E,15547264,
176,85962,HP0489,,E,15547264,
176,85962,HP0487,,NE,15547264,
176,85962,HP0488,,E,15547264,
176,85962,HP0486,,NE,15547264,
176,85962,HP0485,,NE,15547264,
176,85962,HP0484,,NE,15547264,
176,85962,HP0482,,NE,15547264,
176,85962,HP0481,,NE,15547264,
176,85962,HP0479,,NE,15547264,
176,85962,HP0478,,NE,15547264,
176,85962,HP0476,,NE,15547264,
176,85962,HP0475,,NE,15547264,
176,85962,HP0474,,NE,15547264,
176,85962,HP0473,,NE,15547264,
176,85962,HP0472,,NE,15547264,
176,85962,HP0471,,NE,15547264,
176,85962,HP0469,,E,15547264,
176,85962,HP0468,,NE,15547264,
176,85962,HP0466,,E,15547264,
176,85962,HP0465,,NE,15547264,
176,85962,HP0464,,NE,15547264,
176,85962,HP0463,,NE,15547264,
176,85962,HP0462,,NE,15547264,
176,85962,HP0457,,NE,15547264,
176,85962,HP0456,,E,15547264,
176,85962,HP0454,,NE,15547264,
176,85962,HP0445,,E,15547264,
176,85962,HP0438,,NE,15547264,
176,85962,HP0439,,E,15547264,
176,85962,HP0432,,NE,15547264,
176,85962,HP0431,,NE,15547264,
176,85962,HP0430,,NE,15547264,
176,85962,HP0427,,NE,15547264,
176,85962,HP0426,,NE,15547264,
176,85962,HP0425,,NE,15547264,
176,85962,HP0423,,NE,15547264,
176,85962,HP0422,,NE,15547264,
176,85962,HP0420,,NE,15547264,
176,85962,HP0419,,E,15547264,
176,85962,HP0417,,NE,15547264,
176,85962,HP0416,,NE,15547264,
176,85962,HP0415,,NE,15547264,
176,85962,HP0412,,NE,15547264,
176,85962,HP0411,,NE,15547264,
176,85962,HP0409,,E,15547264,
176,85962,HP0408,,E,15547264,
176,85962,HP0407,,NE,15547264,
176,85962,HP0406,,NE,15547264,
176,85962,HP0404,,NE,15547264,
176,85962,HP0403,,E,15547264,
176,85962,HP0402,,NE,15547264,
176,85962,HP0400,,NE,15547264,
176,85962,HP0401,,NE,15547264,
176,85962,HP0399,,NE,15547264,
176,85962,HP0398,,NE,15547264,
176,85962,HP0397,,NE,15547264,
176,85962,HP0396,,NE,15547264,
176,85962,HP0394,,NE,15547264,
176,85962,HP0393,,NE,15547264,
176,85962,HP0392,,NE,15547264,
176,85962,HP0390,,NE,15547264,
176,85962,HP0389,,NE,15547264,
176,85962,HP0387,,NE,15547264,
176,85962,HP0386,,E,15547264,
176,85962,HP0384,,NE,15547264,
176,85962,HP0383,,NE,15547264,
176,85962,HP0382,,NE,15547264,
176,85962,HP0381,,NE,15547264,
176,85962,HP0379,,NE,15547264,
176,85962,HP0380,,NE,15547264,
176,85962,HP0378,,E,15547264,
176,85962,HP0377,,NE,15547264,
176,85962,HP0376,,NE,15547264,
176,85962,HP0375,,NE,15547264,
176,85962,HP0373,,NE,15547264,
176,85962,HP0372,,NE,15547264,
176,85962,HP0371,,NE,15547264,
176,85962,HP0370,,NE,15547264,
176,85962,HP0369,,NE,15547264,
176,85962,HP0368,,NE,15547264,
176,85962,HP0367,,NE,15547264,
176,85962,HP0365,,NE,15547264,
176,85962,HP0364,,NE,15547264,
176,85962,HP0363,,E,15547264,
176,85962,HP0361,,NE,15547264,
176,85962,HP0360,,NE,15547264,
176,85962,HP0359,,E,15547264,
176,85962,HP0358,,NE,15547264,
176,85962,HP0356,,NE,15547264,
176,85962,HP0355,,NE,15547264,
176,85962,HP0354,,NE,15547264,
176,85962,HP0353,,NE,15547264,
176,85962,HP0351,,NE,15547264,
176,85962,HP0352,,E,15547264,
176,85962,HP0350,,NE,15547264,
176,85962,HP0349,,NE,15547264,
176,85962,HP0348,,NE,15547264,
176,85962,HP0347,,NE,15547264,
176,85962,HP0346,,NE,15547264,
176,85962,HP0345,,NE,15547264,
176,85962,HP0344,,NE,15547264,
176,85962,HP0342,,NE,15547264,
176,85962,HP0341,,NE,15547264,
176,85962,HP0339,,NE,15547264,
176,85962,HP0338,,NE,15547264,
176,85962,HP0336,,E,15547264,
176,85962,HP0334,,NE,15547264,
176,85962,HP0332,,NE,15547264,
176,85962,HP0331,,NE,15547264,
176,85962,HP0329,,NE,15547264,
176,85962,HP0328,,NE,15547264,
176,85962,HP0326,,NE,15547264,
176,85962,HP0325,,E,15547264,
176,85962,HP0324,,NE,15547264,
176,85962,HP0323,,E,15547264,
176,85962,HP0321,,E,15547264,
176,85962,HP0320,,NE,15547264,
176,85962,HP0318,,NE,15547264,
176,85962,HP0317,,NE,15547264,
176,85962,HP0313,,NE,15547264,
176,85962,HP0312,,NE,15547264,
176,85962,HP0311,,NE,15547264,
176,85962,HP0310,,NE,15547264,
176,85962,HP0309,,NE,15547264,
176,85962,HP0308,,NE,15547264,
176,85962,HP0307,,NE,15547264,
176,85962,HP0306,,NE,15547264,
176,85962,HP0304,,NE,15547264,
176,85962,HP0303,,NE,15547264,
176,85962,HP0301,,E,15547264,
176,85962,HP0300,,E,15547264,
176,85962,HP0298,,E,15547264,
176,85962,HP0297,,E,15547264,
176,85962,HP0295,,NE,15547264,
176,85962,HP0294,,NE,15547264,
176,85962,HP0293,,NE,15547264,
176,85962,HP0292,,NE,15547264,
176,85962,HP0291,,NE,15547264,
176,85962,HP0289,,E,15547264,
176,85962,HP0288,,E,15547264,
176,85962,HP0286,,NE,15547264,
176,85962,HP0287,,NE,15547264,
176,85962,HP0285,,NE,15547264,
176,85962,HP0284,,NE,15547264,
176,85962,HP0283,,NE,15547264,
176,85962,HP0281,,NE,15547264,
176,85962,HP0280,,NE,15547264,
176,85962,HP0278,,NE,15547264,
176,85962,HP0277,,E,15547264,
176,85962,HP0275,,E,15547264,
176,85962,HP0274,,NE,15547264,
176,85962,HP0272,,E,15547264,
176,85962,HP0271,,NE,15547264,
176,85962,HP0270,,NE,15547264,
176,85962,HP0268,,E,15547264,
176,85962,HP0269,,E,15547264,
176,85962,HP0267,,NE,15547264,
176,85962,HP0266,,NE,15547264,
176,85962,HP0265,,E,15547264,
176,85962,HP0264,,NE,15547264,
176,85962,HP0262,,NE,15547264,
176,85962,HP0260,,NE,15547264,
176,85962,HP0261,,NE,15547264,
176,85962,HP0259,,NE,15547264,
176,85962,HP0258,,NE,15547264,
176,85962,HP0257,,NE,15547264,
176,85962,HP0255,,NE,15547264,
176,85962,HP0254,,NE,15547264,
176,85962,HP0253,,NE,15547264,
176,85962,HP0250,,NE,15547264,
176,85962,HP0248,,NE,15547264,
176,85962,HP0249,,NE,15547264,
176,85962,HP0247,,NE,15547264,
176,85962,HP0246,,NE,15547264,
176,85962,HP0245,,NE,15547264,
176,85962,HP0244,,NE,15547264,
176,85962,HP0243,,NE,15547264,
176,85962,HP0242,,E,15547264,
176,85962,HP0240,,E,15547264,
176,85962,HP0239,,NE,15547264,
176,85962,HP0238,,NE,15547264,
176,85962,HP0236,,NE,15547264,
176,85962,HP0235,,NE,15547264,
176,85962,HP0233,,NE,15547264,
176,85962,HP0232,,NE,15547264,
176,85962,HP0231,,NE,15547264,
176,85962,HP0229,,NE,15547264,
176,85962,HP0228,,NE,15547264,
176,85962,HP0227,,NE,15547264,
176,85962,HP0225,,NE,15547264,
176,85962,HP0226,,E,15547264,
176,85962,HP0224,,NE,15547264,
176,85962,HP0223,,NE,15547264,
176,85962,HP0222,,E,15547264,
176,85962,HP0220,,NE,15547264,
176,85962,HP0219,,NE,15547264,
176,85962,HP0216,,NE,15547264,
176,85962,HP0214,,NE,15547264,
176,85962,HP0215,,NE,15547264,
176,85962,HP0213,,NE,15547264,
176,85962,HP0212,,NE,15547264,
176,85962,HP0211,,NE,15547264,
176,85962,HP0209,,NE,15547264,
176,85962,HP0206,,NE,15547264,
176,85962,HP0205,,NE,15547264,
176,85962,HP0203,,NE,15547264,
176,85962,HP0202,,NE,15547264,
176,85962,HP0201,,E,15547264,
176,85962,HP0200,,E,15547264,
176,85962,HP0199,,NE,15547264,
176,85962,HP0197,,E,15547264,
176,85962,HP0196,,E,15547264,
176,85962,HP0195,,NE,15547264,
176,85962,HP0194,,NE,15547264,
176,85962,HP0193,,NE,15547264,
176,85962,HP0192,,NE,15547264,
176,85962,HP0191,,NE,15547264,
176,85962,HP0189,,NE,15547264,
176,85962,HP0188,,E,15547264,
176,85962,HP0187,,NE,15547264,
176,85962,HP0186,,NE,15547264,
176,85962,HP0185,,NE,15547264,
176,85962,HP0183,,NE,15547264,
176,85962,HP0184,,NE,15547264,
176,85962,HP0182,,E,15547264,
176,85962,HP0181,,NE,15547264,
176,85962,HP0180,,NE,15547264,
176,85962,HP0179,,NE,15547264,
176,85962,HP0178,,NE,15547264,
176,85962,HP0176,,NE,15547264,
176,85962,HP0175,,E,15547264,
176,85962,HP0174,,NE,15547264,
176,85962,HP0173,,NE,15547264,
176,85962,HP0172,,NE,15547264,
176,85962,HP0171,,NE,15547264,
176,85962,HP0170,,NE,15547264,
176,85962,HP0169,,NE,15547264,
176,85962,HP0168,,NE,15547264,
176,85962,HP0166,,NE,15547264,
176,85962,HP0167,,NE,15547264,
176,85962,HP0165,,NE,15547264,
176,85962,HP0164,,E,15547264,
176,85962,HP0163,,NE,15547264,
176,85962,HP0161,,NE,15547264,
176,85962,HP0160,,NE,15547264,
176,85962,HP0159,,NE,15547264,
176,85962,HP0157,,E,15547264,
176,85962,HP0156,,NE,15547264,
176,85962,HP0155,,NE,15547264,
176,85962,HP0154,,NE,15547264,
176,85962,HP0153,,E,15547264,
176,85962,HP0152,,NE,15547264,
176,85962,HP0151,,NE,15547264,
176,85962,HP0150,,NE,15547264,
176,85962,HP0149,,NE,15547264,
176,85962,HP0148,,E,15547264,
176,85962,HP0147,,E,15547264,
176,85962,HP0146,,E,15547264,
176,85962,HP0144,,NE,15547264,
176,85962,HP0142,,NE,15547264,
176,85962,HP0141,,NE,15547264,
176,85962,HP0139,,NE,15547264,
176,85962,HP0137,,NE,15547264,
176,85962,HP0138,,NE,15547264,
176,85962,HP0136,,NE,15547264,
176,85962,HP0135,,NE,15547264,
176,85962,HP0134,,NE,15547264,
176,85962,HP0133,,NE,15547264,
176,85962,HP0132,,NE,15547264,
176,85962,HP0131,,NE,15547264,
176,85962,HP0129,,NE,15547264,
176,85962,HP0130,,NE,15547264,
176,85962,HP0128,,NE,15547264,
176,85962,HP0127,,NE,15547264,
176,85962,HP0126,,E,15547264,
176,85962,HP0125,,E,15547264,
176,85962,HP0123,,E,15547264,
176,85962,HP0122,,E,15547264,
176,85962,HP0121,,NE,15547264,
176,85962,HP0120,,NE,15547264,
176,85962,HP0119,,NE,15547264,
176,85962,HP0118,,NE,15547264,
176,85962,HP0117,,NE,15547264,
176,85962,HP0116,,NE,15547264,
176,85962,HP0115,,NE,15547264,
176,85962,HP0113,,NE,15547264,
176,85962,HP0112,,NE,15547264,
176,85962,HP0111,,NE,15547264,
176,85962,HP0110,,E,15547264,
176,85962,HP0109,,E,15547264,
176,85962,HP0106,,NE,15547264,
176,85962,HP0105,,NE,15547264,
176,85962,HP0104,,NE,15547264,
176,85962,HP0103,,NE,15547264,
176,85962,HP0101,,NE,15547264,
176,85962,HP0100,,NE,15547264,
176,85962,HP0099,,NE,15547264,
176,85962,HP0098,,NE,15547264,
176,85962,HP0097,,NE,15547264,
176,85962,HP0096,,NE,15547264,
176,85962,HP0094,,NE,15547264,
176,85962,HP0095,,E,15547264,
176,85962,HP0093,,NE,15547264,
176,85962,HP0092,,E,15547264,
176,85962,HP0091,,NE,15547264,
176,85962,HP0090,,NE,15547264,
176,85962,HP0089,,NE,15547264,
176,85962,HP0088,,NE,15547264,
176,85962,HP0086,,NE,15547264,
176,85962,HP0085,,NE,15547264,
176,85962,HP0083,,NE,15547264,
176,85962,HP0082,,NE,15547264,
176,85962,HP0079,,NE,15547264,
176,85962,HP0077,,NE,15547264,
176,85962,HP0078,,NE,15547264,
176,85962,HP0076,,E,15547264,
176,85962,HP0075,,E,15547264,
176,85962,HP0074,,NE,15547264,
176,85962,HP0073,,NE,15547264,
176,85962,HP0072,,NE,15547264,
176,85962,HP0071,,NE,15547264,
176,85962,HP0069,,NE,15547264,
176,85962,HP0068,,NE,15547264,
176,85962,HP0067,,NE,15547264,
176,85962,HP0065,,E,15547264,
176,85962,HP0064,,NE,15547264,
176,85962,HP0063,,NE,15547264,
176,85962,HP0061,,E,15547264,
176,85962,HP0060,,NE,15547264,
176,85962,HP0059,,NE,15547264,
176,85962,HP0056,,NE,15547264,
176,85962,HP0054,,NE,15547264,
176,85962,HP0055,,NE,15547264,
176,85962,HP0053,,NE,15547264,
176,85962,HP0052,,NE,15547264,
176,85962,HP0051,,NE,15547264,
176,85962,HP0049,,NE,15547264,
176,85962,HP0048,,NE,15547264,
176,85962,HP0047,,NE,15547264,
176,85962,HP0045,,NE,15547264,
176,85962,HP0044,,NE,15547264,
176,85962,HP0042,,NE,15547264,
176,85962,HP0041,,NE,15547264,
176,85962,HP0038,,NE,15547264,
176,85962,HP0037,,NE,15547264,
176,85962,HP0036,,NE,15547264,
176,85962,HP0035,,E,15547264,
176,85962,HP0033,,NE,15547264,
176,85962,HP0034,,E,15547264,
176,85962,HP0032,,NE,15547264,
176,85962,HP0031,,NE,15547264,
176,85962,HP0030,,NE,15547264,
176,85962,HP0029,,NE,15547264,
176,85962,HP0027,,NE,15547264,
176,85962,HP0026,,NE,15547264,
176,85962,HP0025,,NE,15547264,
176,85962,HP0023,,NE,15547264,
176,85962,HP0022,,NE,15547264,
176,85962,HP0021,,NE,15547264,
176,85962,HP0020,,NE,15547264,
176,85962,HP0019,,NE,15547264,
176,85962,HP0017,,NE,15547264,
176,85962,HP0016,,NE,15547264,
176,85962,HP0015,,NE,15547264,
176,85962,HP0014,,NE,15547264,
176,85962,HP0013,,NE,15547264,
176,85962,HP0012,,NE,15547264,
176,85962,HP0011,,NE,15547264,
176,85962,HP0010,,NE,15547264,
176,85962,HP0008,,NE,15547264,
176,85962,HP0005,,NE,15547264,
176,85962,HP0004,,NE,15547264,
176,85962,HP0003,,NE,15547264,
176,85962,HP0002,,NE,15547264,
176,85962,HP0001,,NE,15547264,
176,85962,HP1588,,NE,15547264,
176,85962,HP1585,,NE,15547264,
176,85962,HP1580,,E,15547264,
176,85962,HP1575,,NE,15547264,
176,85962,HP1571,,E,15547264,
176,85962,HP1567,,E,15547264,
176,85962,HP1564,,NE,15547264,
176,85962,HP1560,,NE,15547264,
176,85962,HP1556,,NE,15547264,
176,85962,HP1553,,E,15547264,
176,85962,HP1548,,E,15547264,
176,85962,HP1542,,NE,15547264,
176,85962,HP1538,,NE,15547264,
176,85962,HP1504,,E,15547264,
176,85962,HP1495,,NE,15547264,
176,85962,HP1485,,NE,15547264,
176,85962,HP1470,,NE,15547264,
176,85962,HP1467,,NE,15547264,
176,85962,HP1463,,NE,15547264,
176,85962,HP1449,,E,15547264,
176,85962,HP1443,,NE,15547264,
176,85962,HP1440,,NE,15547264,
176,85962,HP1434,,NE,15547264,
176,85962,HP1423,,NE,15547264,
176,85962,HP1411,,NE,15547264,
176,85962,HP1388,,E,15547264,
176,85962,HP1378,,NE,15547264,
176,85962,HP1365,,NE,15547264,
176,85962,HP1344,,NE,15547264,
176,85962,HP1334,,NE,15547264,
176,85962,HP1330,,NE,15547264,
176,85962,HP1326,,NE,15547264,
176,85962,HP1323,,NE,15547264,
176,85962,HP1320,,E,15547264,
176,85962,HP1317,,NE,15547264,
176,85962,HP1312,,NE,15547264,
176,85962,HP1309,,E,15547264,
176,85962,HP1306,,E,15547264,
176,85962,HP1303,,NE,15547264,
176,85962,HP1299,,E,15547264,
176,85962,HP1294,,NE,15547264,
176,85962,HP1290,,NE,15547264,
176,85962,HP1283,,NE,15547264,
176,85962,HP1265,,E,15547264,
176,85962,HP1261,,E,15547264,
176,85962,HP1250,,NE,15547264,
176,85962,HP1246,,E,15547264,
176,85962,HP1242,,NE,15547264,
176,85962,HP1238,,NE,15547264,
176,85962,HP1230,,E,15547264,
176,85962,HP1226,,NE,15547264,
176,85962,HP1219,,E,15547264,
176,85962,HP1215,,NE,15547264,
176,85962,HP1205,,NE,15547264,
176,85962,HP1200,,NE,15547264,
176,85962,HP1196,,E,15547264,
176,85962,HP1193,,NE,15547264,
176,85962,HP1183,,NE,15547264,
176,85962,HP1169,,NE,15547264,
176,85962,HP1165,,NE,15547264,
176,85962,HP1155,,NE,15547264,
176,85962,HP1143,,NE,15547264,
176,85962,HP1139,,E,15547264,
176,85962,HP1136,,E,15547264,
176,85962,HP1127,,E,15547264,
176,85962,HP1115,,NE,15547264,
176,85962,HP1110,,NE,15547264,
176,85962,HP1099,,NE,15547264,
176,85962,HP1093,,E,15547264,
176,85962,HP1086,,E,15547264,
176,85962,HP1073,,NE,15547264,
176,85962,HP1061,,E,15547264,
176,85962,HP1027,,NE,15547264,
176,85962,HP1016,,E,15547264,
176,85962,HP1013,,E,15547264,
176,85962,HP0993,,E,15547264,
176,85962,HP0986,,NE,15547264,
176,85962,HP0982,,NE,15547264,
176,85962,HP0970,,NE,15547264,
176,85962,HP0961,,NE,15547264,
176,85962,HP0954,,NE,15547264,
176,85962,HP0951,,NE,15547264,
176,85962,HP0943,,NE,15547264,
176,85962,HP0940,,NE,15547264,
176,85962,HP0932,,E,15547264,
176,85962,HP0921,,NE,15547264,
176,85962,HP0917,,NE,15547264,
176,85962,HP0914,,NE,15547264,
176,85962,HP0911,,NE,15547264,
176,85962,HP0908,,NE,15547264,
176,85962,HP0899,,NE,15547264,
176,85962,HP0887,,NE,15547264,
176,85962,HP0883,,NE,15547264,
176,85962,HP0877,,NE,15547264,
176,85962,HP0865,,NE,15547264,
176,85962,HP0862,,NE,15547264,
176,85962,HP0851,,E,15547264,
176,85962,HP0833,,NE,15547264,
176,85962,HP0828,,NE,15547264,
176,85962,HP0819,,NE,15547264,
176,85962,HP0813,,NE,15547264,
176,85962,HP0810,,NE,15547264,
176,85962,HP0806,,NE,15547264,
176,85962,HP0801,,NE,15547264,
176,85962,HP0795,,NE,15547264,
176,85962,HP0792,,NE,15547264,
176,85962,HP0785,,E,15547264,
176,85962,HP0781,,NE,15547264,
176,85962,HP0777,,NE,15547264,
176,85962,HP0774,,NE,15547264,
176,85962,HP0771,,NE,15547264,
176,85962,HP0760,,E,15547264,
176,85962,HP0749,,E,15547264,
176,85962,HP0741,,NE,15547264,
176,85962,HP0736,,E,15547264,
176,85962,HP0727,,NE,15547264,
176,85962,HP0724,,NE,15547264,
176,85962,HP0720,,NE,15547264,
176,85962,HP0717,,NE,15547264,
176,85962,HP0711,,NE,15547264,
176,85962,HP0700,,E,15547264,
176,85962,HP0697,,NE,15547264,
176,85962,HP0694,,NE,15547264,
176,85962,HP0677,,NE,15547264,
176,85962,HP0672,,NE,15547264,
176,85962,HP0668,,NE,15547264,
176,85962,HP0662,,E,15547264,
176,85962,HP0652,,NE,15547264,
176,85962,HP0647,,E,15547264,
176,85962,HP0637,,NE,15547264,
176,85962,HP0631,,NE,15547264,
176,85962,HP0627,,NE,15547264,
176,85962,HP0617,,NE,15547264,
176,85962,HP0609,,NE,15547264,
176,85962,HP0599,,NE,15547264,
176,85962,HP0591,,E,15547264,
176,85962,HP0582,,NE,15547264,
176,85962,HP0568,,NE,15547264,
176,85962,HP0536,,NE,15547264,
176,85962,HP0531,,NE,15547264,
176,85962,HP0517,,NE,15547264,
176,85962,HP0510,,E,15547264,
176,85962,HP0499,,NE,15547264,
176,85962,HP0490,,NE,15547264,
176,85962,HP0480,,NE,15547264,
176,85962,HP0477,,NE,15547264,
176,85962,HP0470,,E,15547264,
176,85962,HP0467,,NE,15547264,
176,85962,HP0460,,E,15547264,
176,85962,HP0453,,NE,15547264,
176,85962,HP0428,,NE,15547264,
176,85962,HP0424,,NE,15547264,
176,85962,HP0421,,NE,15547264,
176,85962,HP0418,,E,15547264,
176,85962,HP0410,,NE,15547264,
176,85962,HP0405,,E,15547264,
176,85962,HP0395,,E,15547264,
176,85962,HP0391,,NE,15547264,
176,85962,HP0388,,E,15547264,
176,85962,HP0385,,NE,15547264,
176,85962,HP0374,,NE,15547264,
176,85962,HP0366,,NE,15547264,
176,85962,HP0362,,NE,15547264,
176,85962,HP0357,,NE,15547264,
176,85962,HP0343,,NE,15547264,
176,85962,HP0340,,NE,15547264,
176,85962,HP0337,,NE,15547264,
176,85962,HP0333,,E,15547264,
176,85962,HP0330,,NE,15547264,
176,85962,HP0327,,NE,15547264,
176,85962,HP0322,,NE,15547264,
176,85962,HP0319,,NE,15547264,
176,85962,HP0315,,E,15547264,
176,85962,HP0305,,NE,15547264,
176,85962,HP0302,,NE,15547264,
176,85962,HP0299,,NE,15547264,
176,85962,HP0296,,NE,15547264,
176,85962,HP0290,,E,15547264,
176,85962,HP0282,,NE,15547264,
176,85962,HP0279,,E,15547264,
176,85962,HP0276,,E,15547264,
176,85962,HP0273,,NE,15547264,
176,85962,HP0263,,NE,15547264,
176,85962,HP0256,,NE,15547264,
176,85962,HP0251,,NE,15547264,
176,85962,HP0241,,NE,15547264,
176,85962,HP0237,,E,15547264,
176,85962,HP0234,,NE,15547264,
176,85962,HP0230,,NE,15547264,
176,85962,HP0221,,E,15547264,
176,85962,HP0218,,E,15547264,
176,85962,HP0210,,NE,15547264,
176,85962,HP0207,,NE,15547264,
176,85962,HP0204,,NE,15547264,
176,85962,HP0198,,NE,15547264,
176,85962,HP0190,,E,15547264,
176,85962,HP0177,,NE,15547264,
176,85962,HP0162,,NE,15547264,
176,85962,HP0158,,NE,15547264,
176,85962,HP0145,,NE,15547264,
176,85962,HP0140,,NE,15547264,
176,85962,HP0124,,E,15547264,
176,85962,HP0114,,NE,15547264,
176,85962,HP0107,,NE,15547264,
176,85962,HP0102,,NE,15547264,
176,85962,HP0087,,NE,15547264,
176,85962,HP0084,,E,15547264,
176,85962,HP0080,,NE,15547264,
176,85962,HP0070,,NE,15547264,
176,85962,HP0066,,NE,15547264,
176,85962,HP0062,,NE,15547264,
176,85962,HP0057,,NE,15547264,
176,85962,HP0050,,NE,15547264,
176,85962,HP0043,,NE,15547264,
176,85962,HP0028,,E,15547264,
176,85962,HP0024,,E,15547264,
176,85962,HP0018,,NE,15547264,
176,85962,HP0009,,NE,15547264,
176,85962,HP0006,,E,15547264,
177,85962,HP1021,,NE,11157938,
177,85962,HP1027,,NE,11157938,
177,85962,HP1364,,NE,11157938,
177,85962,HP1111,,E,11157938,
177,85962,HP0589,,E,11157938,
177,85962,HP1553,,E,11157938,
177,85962,HP1231,,E,11157938,
177,85962,HP1138,,NE,11157938,
177,85962,HP1448,,E,11157938,
177,85962,HP0440,,NE,11157938,
177,85962,HP0785,,NE,11157938,
177,85962,HP0830,,E,11157938,
177,85962,HP0658,,E,11157938,
177,85962,HP0975,,E,11157938,
177,85962,HP0657,,E,11157938,
177,85962,HP0470,,NE,11157938,
177,85962,HP1140,,E,11157938,
177,85962,HP0074,,E,11157938,
177,85962,HP1159,,E,11157938,
177,85962,HP0740,,E,11157938,
177,85962,HP1372,,E,11157938,
177,85962,HP1418,,E,11157938,
177,85962,HP1099,,E,11157938,
177,85962,HP1100,,E,11157938,
177,85962,HP1385,,E,11157938,
177,85962,HP0086,,E,11157938,
177,85962,HP0588,,E,11157938,
177,85962,HP0590,,E,11157938,
177,85962,HP0591,,E,11157938,
177,85962,HP1108,,E,11157938,
177,85962,HP1109,,E,11157938,
177,85962,HP1110,,E,11157938,
177,85962,HP0509,,E,11157938,
177,85962,HP1495,,NE,11157938,
177,85962,HP0735,,E,11157938,
177,85962,HP1257,,E,11157938,
177,85962,HP1038,,E,11157938,
177,85962,HP0020,,E,11157938,
177,85962,HP0832,,NE,11157938,
177,85962,HP0801,,NE,11157938,
177,85962,HP0372,,NE,11157938,
177,85962,HP0808,,E,11157938,
177,85962,HP1164,,E,11157938,
177,85962,HP1563,,E,11157938,
177,85962,HP0616,,NE,11157938,